filename,url,md5
hydrolakes_1.zip,http://cdn.bathybase.org/hydrolinks/0.9.0/hydrolakes/hydrolakes_1.zip,f6ea35a3f39ae7461e71060b5ba6437b
hydrolakes_2.zip,http://cdn.bathybase.org/hydrolinks/0.9.0/hydrolakes/hydrolakes_2.zip,5b1e532442003e675b1d0f849a6ed769
hydrolakes_3.zip,http://cdn.bathybase.org/hydrolinks/0.9.0/hydrolakes/hydrolakes_3.zip,a90b5ae77169391fa6cc00802247fbb8
hydrolakes_4.zip,http://cdn.bathybase.org/hydrolinks/0.9.0/hydrolakes/hydrolakes_4.zip,53487a9e888343ce98d4945c0f3d7b17
hydrolakes_5.zip,http://cdn.bathybase.org/hydrolinks/0.9.0/hydrolakes/hydrolakes_5.zip,b7f01137985b9190d131b05944649d1f
hydrolakes_6.zip,http://cdn.bathybase.org/hydrolinks/0.9.0/hydrolakes/hydrolakes_6.zip,a4e006c7617610e2d1069d67eba34b84
hydrolakes_7.zip,http://cdn.bathybase.org/hydrolinks/0.9.0/hydrolakes/hydrolakes_7.zip,6f4d1b41454301accefad6760ddd9b97
hydrolakes_8.zip,http://cdn.bathybase.org/hydrolinks/0.9.0/hydrolakes/hydrolakes_8.zip,f44b7d789f1343e738d1e5b2e864087b
hydrolakes_9.zip,http://cdn.bathybase.org/hydrolinks/0.9.0/hydrolakes/hydrolakes_9.zip,f7e48324368ec4d3d89217f259d46326
hydrolakes_10.zip,http://cdn.bathybase.org/hydrolinks/0.9.0/hydrolakes/hydrolakes_10.zip,1257fe7900fede101fa9b12293a12fbd
hydrolakes_11.zip,http://cdn.bathybase.org/hydrolinks/0.9.0/hydrolakes/hydrolakes_11.zip,8582101590b5b570b8833ca87095cebe
hydrolakes_12.zip,http://cdn.bathybase.org/hydrolinks/0.9.0/hydrolakes/hydrolakes_12.zip,0932ee926830739068be1752af6b5cd9
hydrolakes_13.zip,http://cdn.bathybase.org/hydrolinks/0.9.0/hydrolakes/hydrolakes_13.zip,fa354211c7d694c60717fcf6b94d2992
hydrolakes_14.zip,http://cdn.bathybase.org/hydrolinks/0.9.0/hydrolakes/hydrolakes_14.zip,ca597eac11d43c989e7bdc691adc8eef
hydrolakes_15.zip,http://cdn.bathybase.org/hydrolinks/0.9.0/hydrolakes/hydrolakes_15.zip,0204756c029f830df8fa956f6d4e317f
hydrolakes_16.zip,http://cdn.bathybase.org/hydrolinks/0.9.0/hydrolakes/hydrolakes_16.zip,11101699286881e060603e0e67c00176
hydrolakes_17.zip,http://cdn.bathybase.org/hydrolinks/0.9.0/hydrolakes/hydrolakes_17.zip,f3c5cbae36f50584137f7e7fdcad8ac1
hydrolakes_18.zip,http://cdn.bathybase.org/hydrolinks/0.9.0/hydrolakes/hydrolakes_18.zip,4b8de4c06afea8c90a1ce0db9ceed10e
hydrolakes_19.zip,http://cdn.bathybase.org/hydrolinks/0.9.0/hydrolakes/hydrolakes_19.zip,fecdf828334d6e547ab9639a7148eead
hydrolakes_20.zip,http://cdn.bathybase.org/hydrolinks/0.9.0/hydrolakes/hydrolakes_20.zip,cd803ced1a27da38d7ed89d3846d262c
hydrolakes_21.zip,http://cdn.bathybase.org/hydrolinks/0.9.0/hydrolakes/hydrolakes_21.zip,188f740f97e25f006a4dc539ec984168
hydrolakes_22.zip,http://cdn.bathybase.org/hydrolinks/0.9.0/hydrolakes/hydrolakes_22.zip,7f2fe0fcc3038193efbf95bc46207554
hydrolakes_23.zip,http://cdn.bathybase.org/hydrolinks/0.9.0/hydrolakes/hydrolakes_23.zip,41b777397c99df901a3ab1e8dd776303
hydrolakes_24.zip,http://cdn.bathybase.org/hydrolinks/0.9.0/hydrolakes/hydrolakes_24.zip,214221e111b907b1871f071244cb6dfb
hydrolakes_25.zip,http://cdn.bathybase.org/hydrolinks/0.9.0/hydrolakes/hydrolakes_25.zip,8d3d6f20a52811caffc475b9157168f2
hydrolakes_26.zip,http://cdn.bathybase.org/hydrolinks/0.9.0/hydrolakes/hydrolakes_26.zip,b5fb453d527eea79367dda1a68c475eb
hydrolakes_27.zip,http://cdn.bathybase.org/hydrolinks/0.9.0/hydrolakes/hydrolakes_27.zip,b0d6bbe74d9679f2df68cbe7c035a793
hydrolakes_28.zip,http://cdn.bathybase.org/hydrolinks/0.9.0/hydrolakes/hydrolakes_28.zip,18229a7cc37c8c0b6f77b4e58f7f0a9f
hydrolakes_29.zip,http://cdn.bathybase.org/hydrolinks/0.9.0/hydrolakes/hydrolakes_29.zip,fd17341b484981bfec2cf8d6c4fee4d4
hydrolakes_30.zip,http://cdn.bathybase.org/hydrolinks/0.9.0/hydrolakes/hydrolakes_30.zip,5828797fbb23f3f5b61638799a62712e
hydrolakes_31.zip,http://cdn.bathybase.org/hydrolinks/0.9.0/hydrolakes/hydrolakes_31.zip,8daabf48ee692e21d90db04167c80362
hydrolakes_32.zip,http://cdn.bathybase.org/hydrolinks/0.9.0/hydrolakes/hydrolakes_32.zip,c0c73f6acb14cc17b70f0c0e4add967a
hydrolakes_33.zip,http://cdn.bathybase.org/hydrolinks/0.9.0/hydrolakes/hydrolakes_33.zip,9d540248c9d2a0bc70d3baee66954cd2
hydrolakes_34.zip,http://cdn.bathybase.org/hydrolinks/0.9.0/hydrolakes/hydrolakes_34.zip,7aa659a75b2018eef6d4eaf62491ad6a
hydrolakes_35.zip,http://cdn.bathybase.org/hydrolinks/0.9.0/hydrolakes/hydrolakes_35.zip,2bc644f4a60c7a6282641b41db84fd81
hydrolakes_36.zip,http://cdn.bathybase.org/hydrolinks/0.9.0/hydrolakes/hydrolakes_36.zip,978ff382d79d9c24c8ea922304c42f0b
hydrolakes_37.zip,http://cdn.bathybase.org/hydrolinks/0.9.0/hydrolakes/hydrolakes_37.zip,4e7e5131ff137e12700e6842613968a2
hydrolakes_38.zip,http://cdn.bathybase.org/hydrolinks/0.9.0/hydrolakes/hydrolakes_38.zip,eaccab7e8e792bc8fdc9c3c32cbd2bd4
hydrolakes_39.zip,http://cdn.bathybase.org/hydrolinks/0.9.0/hydrolakes/hydrolakes_39.zip,d96d085c21591113976c1ad3de84fcae
hydrolakes_40.zip,http://cdn.bathybase.org/hydrolinks/0.9.0/hydrolakes/hydrolakes_40.zip,8ec444cf0c0529565b551cf73c7e6af5
hydrolakes_41.zip,http://cdn.bathybase.org/hydrolinks/0.9.0/hydrolakes/hydrolakes_41.zip,00d658773b95d93529ef75cefdd27f31
hydrolakes_42.zip,http://cdn.bathybase.org/hydrolinks/0.9.0/hydrolakes/hydrolakes_42.zip,dcd380e88080bce7b7ac4c6a6b8c3def
hydrolakes_43.zip,http://cdn.bathybase.org/hydrolinks/0.9.0/hydrolakes/hydrolakes_43.zip,295153f22d48051e452fc65aa7393c01
hydrolakes_44.zip,http://cdn.bathybase.org/hydrolinks/0.9.0/hydrolakes/hydrolakes_44.zip,b5d7456adcd794aaa8d43b28b6efc543
hydrolakes_45.zip,http://cdn.bathybase.org/hydrolinks/0.9.0/hydrolakes/hydrolakes_45.zip,abf786c687052f972f422233cd693f65
hydrolakes_46.zip,http://cdn.bathybase.org/hydrolinks/0.9.0/hydrolakes/hydrolakes_46.zip,a285c0782e20f3040a7be89e9220df50
hydrolakes_47.zip,http://cdn.bathybase.org/hydrolinks/0.9.0/hydrolakes/hydrolakes_47.zip,0f6ab66702b1ec4e37410ed814733e0a
hydrolakes_48.zip,http://cdn.bathybase.org/hydrolinks/0.9.0/hydrolakes/hydrolakes_48.zip,ed097ad6fd67c289212662eaff7cd9f8
hydrolakes_49.zip,http://cdn.bathybase.org/hydrolinks/0.9.0/hydrolakes/hydrolakes_49.zip,bc8ec29aabe05460933860b5a6583079
hydrolakes_50.zip,http://cdn.bathybase.org/hydrolinks/0.9.0/hydrolakes/hydrolakes_50.zip,725056dae32dbdbf5ba4c7bda843064a
