"","filename","url","md5"
"1","nhd_h_0101_hu4_shape.zip","http://cdn.bathybase.org/hydrolinks/0.8/nhdh/NHD_H_0101_HU4_Shape.zip","0e6bcc04163bb334506cd0cb7fa31825"
"2","nhd_h_0102_hu4_shape.zip","http://cdn.bathybase.org/hydrolinks/0.8/nhdh/NHD_H_0102_HU4_Shape.zip","bceffdcc01364b3a4bb53d2412ca8dc9"
"3","nhd_h_0103_hu4_shape.zip","http://cdn.bathybase.org/hydrolinks/0.8/nhdh/NHD_H_0103_HU4_Shape.zip","72e4c7b881328479b8269f3fd4643518"
"4","nhd_h_0104_hu4_shape.zip","http://cdn.bathybase.org/hydrolinks/0.8/nhdh/NHD_H_0104_HU4_Shape.zip","4e9e982e7a371886659b1ced24e0e82a"
"5","nhd_h_0105_hu4_shape.zip","http://cdn.bathybase.org/hydrolinks/0.8/nhdh/NHD_H_0105_HU4_Shape.zip","edb4ab822ad884d3b7b989d7bee226c0"
"6","nhd_h_0106_hu4_shape.zip","http://cdn.bathybase.org/hydrolinks/0.8/nhdh/NHD_H_0106_HU4_Shape.zip","e11d2ec0c1002c621103c462db290361"
"7","nhd_h_0107_hu4_shape.zip","http://cdn.bathybase.org/hydrolinks/0.8/nhdh/NHD_H_0107_HU4_Shape.zip","d9f192a047de6bae39cc2d8e526db8be"
"8","nhd_h_0108_hu4_shape.zip","http://cdn.bathybase.org/hydrolinks/0.8/nhdh/NHD_H_0108_HU4_Shape.zip","5b1d274c504a5070970b4350ec3b647e"
"9","nhd_h_0109_hu4_shape.zip","http://cdn.bathybase.org/hydrolinks/0.8/nhdh/NHD_H_0109_HU4_Shape.zip","402d85ec19d303f08e64a4b930f93ea8"
"10","nhd_h_0110_hu4_shape.zip","http://cdn.bathybase.org/hydrolinks/0.8/nhdh/NHD_H_0110_HU4_Shape.zip","0ae46b163aaacbab6759e03cd53f825d"
"11","nhd_h_0202_hu4_shape.zip","http://cdn.bathybase.org/hydrolinks/0.8/nhdh/NHD_H_0202_HU4_Shape.zip","ab10f17062c416516a321b6f2f1d7319"
"12","nhd_h_0203_hu4_shape.zip","http://cdn.bathybase.org/hydrolinks/0.8/nhdh/NHD_H_0203_HU4_Shape.zip","3fcbda697e739db0fd75ea443fe3ccd5"
"13","nhd_h_0204_hu4_shape.zip","http://cdn.bathybase.org/hydrolinks/0.8/nhdh/NHD_H_0204_HU4_Shape.zip","dc85b50f52d9590356318dca16288abc"
"14","nhd_h_0205_hu4_shape.zip","http://cdn.bathybase.org/hydrolinks/0.8/nhdh/NHD_H_0205_HU4_Shape.zip","312a678454c512df80d86122a35c17a8"
"15","nhd_h_0206_hu4_shape.zip","http://cdn.bathybase.org/hydrolinks/0.8/nhdh/NHD_H_0206_HU4_Shape.zip","68ab0ddb559c02ddcc1585b2d5566c2b"
"16","nhd_h_0207_hu4_shape.zip","http://cdn.bathybase.org/hydrolinks/0.8/nhdh/NHD_H_0207_HU4_Shape.zip","f12d73d1920177f7528decc36e8ea3d0"
"17","nhd_h_0208_hu4_shape.zip","http://cdn.bathybase.org/hydrolinks/0.8/nhdh/NHD_H_0208_HU4_Shape.zip","6fefbbda87fe7bce974a20c76cf8d583"
"18","nhd_h_0301_hu4_shape.zip","http://cdn.bathybase.org/hydrolinks/0.8/nhdh/NHD_H_0301_HU4_Shape.zip","e87b28db08ea7ea21b8c4d80e36b2f70"
"19","nhd_h_0302_hu4_shape.zip","http://cdn.bathybase.org/hydrolinks/0.8/nhdh/NHD_H_0302_HU4_Shape.zip","8ddfb340e350633d150353dee2e4ebed"
"20","nhd_h_0303_hu4_shape.zip","http://cdn.bathybase.org/hydrolinks/0.8/nhdh/NHD_H_0303_HU4_Shape.zip","f565f17497f9386b2de626812bd2c6b8"
"21","nhd_h_0304_hu4_shape.zip","http://cdn.bathybase.org/hydrolinks/0.8/nhdh/NHD_H_0304_HU4_Shape.zip","3dea6d5aacc01e05bb400725884a21e3"
"22","nhd_h_0305_hu4_shape.zip","http://cdn.bathybase.org/hydrolinks/0.8/nhdh/NHD_H_0305_HU4_Shape.zip","b3aba898590f45e4f339530fea8168a0"
"23","nhd_h_0306_hu4_shape.zip","http://cdn.bathybase.org/hydrolinks/0.8/nhdh/NHD_H_0306_HU4_Shape.zip","cfd6847b65bfc498e616e541102f4c85"
"24","nhd_h_0307_hu4_shape.zip","http://cdn.bathybase.org/hydrolinks/0.8/nhdh/NHD_H_0307_HU4_Shape.zip","346784c1c593c40ab3f305c3d6d7000a"
"25","nhd_h_0308_hu4_shape.zip","http://cdn.bathybase.org/hydrolinks/0.8/nhdh/NHD_H_0308_HU4_Shape.zip","806748b4b9c6ea49c3039f9ab8e31be9"
"26","nhd_h_0309_hu4_shape.zip","http://cdn.bathybase.org/hydrolinks/0.8/nhdh/NHD_H_0309_HU4_Shape.zip","8704621f781e7253d02a4d618f7a3dcc"
"27","nhd_h_0310_hu4_shape.zip","http://cdn.bathybase.org/hydrolinks/0.8/nhdh/NHD_H_0310_HU4_Shape.zip","b51c22f67f273681601dd81f520ff572"
"28","nhd_h_0311_hu4_shape.zip","http://cdn.bathybase.org/hydrolinks/0.8/nhdh/NHD_H_0311_HU4_Shape.zip","f45eacbbd389a38389c06fdfc9702165"
"29","nhd_h_0312_hu4_shape.zip","http://cdn.bathybase.org/hydrolinks/0.8/nhdh/NHD_H_0312_HU4_Shape.zip","8a828738d00185bde7f7e4bfb6a4750f"
"30","nhd_h_0313_hu4_shape.zip","http://cdn.bathybase.org/hydrolinks/0.8/nhdh/NHD_H_0313_HU4_Shape.zip","59a3bce6b65f22b382b5caef2741974b"
"31","nhd_h_0314_hu4_shape.zip","http://cdn.bathybase.org/hydrolinks/0.8/nhdh/NHD_H_0314_HU4_Shape.zip","9b3d6cc70151d52ffb82a978e0387da7"
"32","nhd_h_0315_hu4_shape.zip","http://cdn.bathybase.org/hydrolinks/0.8/nhdh/NHD_H_0315_HU4_Shape.zip","7143a814b6b29c9d92dc2092d75fb9be"
"33","nhd_h_0316_hu4_shape.zip","http://cdn.bathybase.org/hydrolinks/0.8/nhdh/NHD_H_0316_HU4_Shape.zip","2dd9b9fecab73ba7ba3c602b9ac9e03f"
"34","nhd_h_0317_hu4_shape.zip","http://cdn.bathybase.org/hydrolinks/0.8/nhdh/NHD_H_0317_HU4_Shape.zip","97e5a08ff019bdf138a9cc6bdb488b12"
"35","nhd_h_0318_hu4_shape.zip","http://cdn.bathybase.org/hydrolinks/0.8/nhdh/NHD_H_0318_HU4_Shape.zip","894aae75dec7d315fe59b9feefa84873"
"36","nhd_h_0401_hu4_shape.zip","http://cdn.bathybase.org/hydrolinks/0.8/nhdh/NHD_H_0401_HU4_Shape.zip","b56dd190a2d1abaaeb223de1fdc81f44"
"37","nhd_h_0402_hu4_shape.zip","http://cdn.bathybase.org/hydrolinks/0.8/nhdh/NHD_H_0402_HU4_Shape.zip","5798637b6668bd1f66d97e8e90823124"
"38","nhd_h_0403_hu4_shape.zip","http://cdn.bathybase.org/hydrolinks/0.8/nhdh/NHD_H_0403_HU4_Shape.zip","80f8f42988e828cc025ddeda7612a808"
"39","nhd_h_0404_hu4_shape.zip","http://cdn.bathybase.org/hydrolinks/0.8/nhdh/NHD_H_0404_HU4_Shape.zip","e50c2c3414844b653cf4b66f1adff6b6"
"40","nhd_h_0405_hu4_shape.zip","http://cdn.bathybase.org/hydrolinks/0.8/nhdh/NHD_H_0405_HU4_Shape.zip","a747a3e029cb0caa47dbdb3b532a0636"
"41","nhd_h_0406_hu4_shape.zip","http://cdn.bathybase.org/hydrolinks/0.8/nhdh/NHD_H_0406_HU4_Shape.zip","039b7f7f1f872a3fd06ef4219a47eaf1"
"42","nhd_h_0407_hu4_shape.zip","http://cdn.bathybase.org/hydrolinks/0.8/nhdh/NHD_H_0407_HU4_Shape.zip","60b18573b99f93355c63b213d49c7902"
"43","nhd_h_0408_hu4_shape.zip","http://cdn.bathybase.org/hydrolinks/0.8/nhdh/NHD_H_0408_HU4_Shape.zip","c24e673fb88b6d17b547db46145c0798"
"44","nhd_h_0409_hu4_shape.zip","http://cdn.bathybase.org/hydrolinks/0.8/nhdh/NHD_H_0409_HU4_Shape.zip","ecb0d5fc7cf46ff293f86901f9c129ab"
"45","nhd_h_0410_hu4_shape.zip","http://cdn.bathybase.org/hydrolinks/0.8/nhdh/NHD_H_0410_HU4_Shape.zip","03c2e26fd97261533a0336818af14fe2"
"46","nhd_h_0411_hu4_shape.zip","http://cdn.bathybase.org/hydrolinks/0.8/nhdh/NHD_H_0411_HU4_Shape.zip","b62036fe9fc6defcb7917a22cc87ab79"
"47","nhd_h_0412_hu4_shape.zip","http://cdn.bathybase.org/hydrolinks/0.8/nhdh/NHD_H_0412_HU4_Shape.zip","cb39db9003b58a65070f5438cf311923"
"48","nhd_h_0413_hu4_shape.zip","http://cdn.bathybase.org/hydrolinks/0.8/nhdh/NHD_H_0413_HU4_Shape.zip","9a35997fa3f097efafc7888f68b0a06b"
"49","nhd_h_0414_hu4_shape.zip","http://cdn.bathybase.org/hydrolinks/0.8/nhdh/NHD_H_0414_HU4_Shape.zip","399df52b97c850a963a252c724acfd09"
"50","nhd_h_0415_hu4_shape.zip","http://cdn.bathybase.org/hydrolinks/0.8/nhdh/NHD_H_0415_HU4_Shape.zip","93c2a762fbda6ffe2c2d34ac4b8867fd"
"51","nhd_h_0501_hu4_shape.zip","http://cdn.bathybase.org/hydrolinks/0.8/nhdh/NHD_H_0501_HU4_Shape.zip","824401abe3c45b198a6886e619d6e590"
"52","nhd_h_0502_hu4_shape.zip","http://cdn.bathybase.org/hydrolinks/0.8/nhdh/NHD_H_0502_HU4_Shape.zip","403b54de1721e21b25ac9048fe956680"
"53","nhd_h_0503_hu4_shape.zip","http://cdn.bathybase.org/hydrolinks/0.8/nhdh/NHD_H_0503_HU4_Shape.zip","9326a895ecf46dfb160771bb1a2d13e0"
"54","nhd_h_0504_hu4_shape.zip","http://cdn.bathybase.org/hydrolinks/0.8/nhdh/NHD_H_0504_HU4_Shape.zip","eee0fa53f1aa27316ef2685d47639b9a"
"55","nhd_h_0505_hu4_shape.zip","http://cdn.bathybase.org/hydrolinks/0.8/nhdh/NHD_H_0505_HU4_Shape.zip","700a9dffa9b3d7565628b3c3435a81ab"
"56","nhd_h_0506_hu4_shape.zip","http://cdn.bathybase.org/hydrolinks/0.8/nhdh/NHD_H_0506_HU4_Shape.zip","b793a66489e04e40d4b2af4f9210189f"
"57","nhd_h_0507_hu4_shape.zip","http://cdn.bathybase.org/hydrolinks/0.8/nhdh/NHD_H_0507_HU4_Shape.zip","392202bd87c54bae9141fa90f4e56a01"
"58","nhd_h_0508_hu4_shape.zip","http://cdn.bathybase.org/hydrolinks/0.8/nhdh/NHD_H_0508_HU4_Shape.zip","1e57ffd569ca939880649ba06c901f34"
"59","nhd_h_0509_hu4_shape.zip","http://cdn.bathybase.org/hydrolinks/0.8/nhdh/NHD_H_0509_HU4_Shape.zip","1342423f4fc9a21e4d3ec90365ddc8ec"
"60","nhd_h_0510_hu4_shape.zip","http://cdn.bathybase.org/hydrolinks/0.8/nhdh/NHD_H_0510_HU4_Shape.zip","c81ab5841f8eca43b04b6deac636a1f1"
"61","nhd_h_0511_hu4_shape.zip","http://cdn.bathybase.org/hydrolinks/0.8/nhdh/NHD_H_0511_HU4_Shape.zip","3278a74fe46e27aa1806d324414a6687"
"62","nhd_h_0512_hu4_shape.zip","http://cdn.bathybase.org/hydrolinks/0.8/nhdh/NHD_H_0512_HU4_Shape.zip","47521b9f9a487668a27550045ccf9de8"
"63","nhd_h_0513_hu4_shape.zip","http://cdn.bathybase.org/hydrolinks/0.8/nhdh/NHD_H_0513_HU4_Shape.zip","3b0a6618403f798800dbd55264a2e480"
"64","nhd_h_0514_hu4_shape.zip","http://cdn.bathybase.org/hydrolinks/0.8/nhdh/NHD_H_0514_HU4_Shape.zip","b7625aa663921a14fd4291c0c45da39b"
"65","nhd_h_0601_hu4_shape.zip","http://cdn.bathybase.org/hydrolinks/0.8/nhdh/NHD_H_0601_HU4_Shape.zip","ad233e6bbad3d97cd0856af48be0fac9"
"66","nhd_h_0602_hu4_shape.zip","http://cdn.bathybase.org/hydrolinks/0.8/nhdh/NHD_H_0602_HU4_Shape.zip","7a2e9bffeb121901700f967524d49944"
"67","nhd_h_0603_hu4_shape.zip","http://cdn.bathybase.org/hydrolinks/0.8/nhdh/NHD_H_0603_HU4_Shape.zip","a9b811b6b6119a9ef93a29de9bdd2b7b"
"68","nhd_h_0604_hu4_shape.zip","http://cdn.bathybase.org/hydrolinks/0.8/nhdh/NHD_H_0604_HU4_Shape.zip","e10541aaa9e13245a8d7529b57764d31"
"69","nhd_h_0701_hu4_shape.zip","http://cdn.bathybase.org/hydrolinks/0.8/nhdh/NHD_H_0701_HU4_Shape.zip","b0562d5b8117d4087eefc3e52386b4f6"
"70","nhd_h_0702_hu4_shape.zip","http://cdn.bathybase.org/hydrolinks/0.8/nhdh/NHD_H_0702_HU4_Shape.zip","7f86eef297820ea99669ceeeeb5bdadb"
"71","nhd_h_0703_hu4_shape.zip","http://cdn.bathybase.org/hydrolinks/0.8/nhdh/NHD_H_0703_HU4_Shape.zip","bb9cf48fc3eb8140e2f92ca51f2ebdb7"
"72","nhd_h_0704_hu4_shape.zip","http://cdn.bathybase.org/hydrolinks/0.8/nhdh/NHD_H_0704_HU4_Shape.zip","efe0bc4c1aaf1d549d8171500aebb743"
"73","nhd_h_0705_hu4_shape.zip","http://cdn.bathybase.org/hydrolinks/0.8/nhdh/NHD_H_0705_HU4_Shape.zip","94706356679fb9aad665eef1eaff0922"
"74","nhd_h_0706_hu4_shape.zip","http://cdn.bathybase.org/hydrolinks/0.8/nhdh/NHD_H_0706_HU4_Shape.zip","100e5eb2066f878a8834bb0e4235215a"
"75","nhd_h_0707_hu4_shape.zip","http://cdn.bathybase.org/hydrolinks/0.8/nhdh/NHD_H_0707_HU4_Shape.zip","00497de31562b1cb9afdc40e811db74d"
"76","nhd_h_0708_hu4_shape.zip","http://cdn.bathybase.org/hydrolinks/0.8/nhdh/NHD_H_0708_HU4_Shape.zip","98c2018032aab106baaaa2aa9a2feab3"
"77","nhd_h_0709_hu4_shape.zip","http://cdn.bathybase.org/hydrolinks/0.8/nhdh/NHD_H_0709_HU4_Shape.zip","b04fe6b44ecb057e86122f066b92776f"
"78","nhd_h_0710_hu4_shape.zip","http://cdn.bathybase.org/hydrolinks/0.8/nhdh/NHD_H_0710_HU4_Shape.zip","6953527dd8d3134fe259113a25b18be6"
"79","nhd_h_0711_hu4_shape.zip","http://cdn.bathybase.org/hydrolinks/0.8/nhdh/NHD_H_0711_HU4_Shape.zip","1737e8ce4ca32da8e278012b912043d4"
"80","nhd_h_0712_hu4_shape.zip","http://cdn.bathybase.org/hydrolinks/0.8/nhdh/NHD_H_0712_HU4_Shape.zip","6f8ec44b22206e85d73a899d6b577ff6"
"81","nhd_h_0713_hu4_shape.zip","http://cdn.bathybase.org/hydrolinks/0.8/nhdh/NHD_H_0713_HU4_Shape.zip","96972496a0bd1745bb5e72dc6723b319"
"82","nhd_h_0714_hu4_shape.zip","http://cdn.bathybase.org/hydrolinks/0.8/nhdh/NHD_H_0714_HU4_Shape.zip","8f61117d0caaf9e881ce4871203ae5e0"
"83","nhd_h_0801_hu4_shape.zip","http://cdn.bathybase.org/hydrolinks/0.8/nhdh/NHD_H_0801_HU4_Shape.zip","b4e9d3fb04f43b9d71d79ccde8224bd5"
"84","nhd_h_0802_hu4_shape.zip","http://cdn.bathybase.org/hydrolinks/0.8/nhdh/NHD_H_0802_HU4_Shape.zip","33de73f8229d1426b0517f1dde26aba8"
"85","nhd_h_0803_hu4_shape.zip","http://cdn.bathybase.org/hydrolinks/0.8/nhdh/NHD_H_0803_HU4_Shape.zip","9844ab61f420d984e01bee3a7d545c7d"
"86","nhd_h_0804_hu4_shape.zip","http://cdn.bathybase.org/hydrolinks/0.8/nhdh/NHD_H_0804_HU4_Shape.zip","2f0b6a57fb319e736a5a4764df8de52b"
"87","nhd_h_0805_hu4_shape.zip","http://cdn.bathybase.org/hydrolinks/0.8/nhdh/NHD_H_0805_HU4_Shape.zip","079e4f32534e8bea6f04e9bc7769f280"
"88","nhd_h_0806_hu4_shape.zip","http://cdn.bathybase.org/hydrolinks/0.8/nhdh/NHD_H_0806_HU4_Shape.zip","82e1bcd74c58dc7ac4d50a8ae6b29fb6"
"89","nhd_h_0807_hu4_shape.zip","http://cdn.bathybase.org/hydrolinks/0.8/nhdh/NHD_H_0807_HU4_Shape.zip","63276298623d0533dbf144580b8f33ee"
"90","nhd_h_0808_hu4_shape.zip","http://cdn.bathybase.org/hydrolinks/0.8/nhdh/NHD_H_0808_HU4_Shape.zip","c5aed73880e60bbcb327b0ae5add86a3"
"91","nhd_h_0809_hu4_shape.zip","http://cdn.bathybase.org/hydrolinks/0.8/nhdh/NHD_H_0809_HU4_Shape.zip","910ed8eac04eb03e69463c63e032d885"
"92","nhd_h_0901_hu4_shape.zip","http://cdn.bathybase.org/hydrolinks/0.8/nhdh/NHD_H_0901_HU4_Shape.zip","f246e57e4e40abca59cc122740147d45"
"93","nhd_h_0902_hu4_shape.zip","http://cdn.bathybase.org/hydrolinks/0.8/nhdh/NHD_H_0902_HU4_Shape.zip","65f9af3ab9512cf757b5da8a0d058e51"
"94","nhd_h_0903_hu4_shape.zip","http://cdn.bathybase.org/hydrolinks/0.8/nhdh/NHD_H_0903_HU4_Shape.zip","4bacef2eea1fa8ed6aeb1df93260782f"
"95","nhd_h_0904_hu4_shape.zip","http://cdn.bathybase.org/hydrolinks/0.8/nhdh/NHD_H_0904_HU4_Shape.zip","f69a7650ce128d45407777e582860c01"
"96","nhd_h_1002_hu4_shape.zip","http://cdn.bathybase.org/hydrolinks/0.8/nhdh/NHD_H_1002_HU4_Shape.zip","f1aa305144881355e60634cc8487bf2f"
"97","nhd_h_1003_hu4_shape.zip","http://cdn.bathybase.org/hydrolinks/0.8/nhdh/NHD_H_1003_HU4_Shape.zip","3d6bb33f60c1e441e33112a9dd02bf76"
"98","nhd_h_1004_hu4_shape.zip","http://cdn.bathybase.org/hydrolinks/0.8/nhdh/NHD_H_1004_HU4_Shape.zip","0ee1bc11f9cdcbc56670c9c6557ef0bf"
"99","nhd_h_1005_hu4_shape.zip","http://cdn.bathybase.org/hydrolinks/0.8/nhdh/NHD_H_1005_HU4_Shape.zip","c537884d7f73a9d9d873b9f200a5a9ca"
"100","nhd_h_1006_hu4_shape.zip","http://cdn.bathybase.org/hydrolinks/0.8/nhdh/NHD_H_1006_HU4_Shape.zip","f78f334a0d419b7e33fc0f44b0016343"
"101","nhd_h_1007_hu4_shape.zip","http://cdn.bathybase.org/hydrolinks/0.8/nhdh/NHD_H_1007_HU4_Shape.zip","6983adde02c06d4afe53fe06ac3ce6e4"
"102","nhd_h_1008_hu4_shape.zip","http://cdn.bathybase.org/hydrolinks/0.8/nhdh/NHD_H_1008_HU4_Shape.zip","5179fe40090fb8144ccbc895772968a2"
"103","nhd_h_1009_hu4_shape.zip","http://cdn.bathybase.org/hydrolinks/0.8/nhdh/NHD_H_1009_HU4_Shape.zip","bf57af17c941a899d4c565ca78b9ddd0"
"104","nhd_h_1010_hu4_shape.zip","http://cdn.bathybase.org/hydrolinks/0.8/nhdh/NHD_H_1010_HU4_Shape.zip","807173caaf1c6522d2dbfe75401e7ee3"
"105","nhd_h_1011_hu4_shape.zip","http://cdn.bathybase.org/hydrolinks/0.8/nhdh/NHD_H_1011_HU4_Shape.zip","f4d735e6eeddaf2fb1b7feb58fb60ada"
"106","nhd_h_1012_hu4_shape.zip","http://cdn.bathybase.org/hydrolinks/0.8/nhdh/NHD_H_1012_HU4_Shape.zip","6af8b01d970bacac8175c6a9bbb9a0b7"
"107","nhd_h_1013_hu4_shape.zip","http://cdn.bathybase.org/hydrolinks/0.8/nhdh/NHD_H_1013_HU4_Shape.zip","983b6a9c80c830e6e61dc7ae2137b260"
"108","nhd_h_1014_hu4_shape.zip","http://cdn.bathybase.org/hydrolinks/0.8/nhdh/NHD_H_1014_HU4_Shape.zip","392b31c2c61ad7eec963d88b04969de4"
"109","nhd_h_1015_hu4_shape.zip","http://cdn.bathybase.org/hydrolinks/0.8/nhdh/NHD_H_1015_HU4_Shape.zip","dddebb3c83628cd447db5d1bf56a46cd"
"110","nhd_h_1016_hu4_shape.zip","http://cdn.bathybase.org/hydrolinks/0.8/nhdh/NHD_H_1016_HU4_Shape.zip","c5a73e103b56d36a8a36bd93f1641c18"
"111","nhd_h_1017_hu4_shape.zip","http://cdn.bathybase.org/hydrolinks/0.8/nhdh/NHD_H_1017_HU4_Shape.zip","c06dc70981cd02f569359a1bc99ee480"
"112","nhd_h_1018_hu4_shape.zip","http://cdn.bathybase.org/hydrolinks/0.8/nhdh/NHD_H_1018_HU4_Shape.zip","dad1311a9d7368c235317292bf6d44f7"
"113","nhd_h_1019_hu4_shape.zip","http://cdn.bathybase.org/hydrolinks/0.8/nhdh/NHD_H_1019_HU4_Shape.zip","98a0baaca6a91a7dc5e4b28c7505632e"
"114","nhd_h_1020_hu4_shape.zip","http://cdn.bathybase.org/hydrolinks/0.8/nhdh/NHD_H_1020_HU4_Shape.zip","f98e93f4ae36e9a497f5fc086ee36a5d"
"115","nhd_h_1021_hu4_shape.zip","http://cdn.bathybase.org/hydrolinks/0.8/nhdh/NHD_H_1021_HU4_Shape.zip","8a9e5689466face114c142ef0aceb74f"
"116","nhd_h_1022_hu4_shape.zip","http://cdn.bathybase.org/hydrolinks/0.8/nhdh/NHD_H_1022_HU4_Shape.zip","eda7edb6bf28be8a1f4b1d0197d9cf72"
"117","nhd_h_1023_hu4_shape.zip","http://cdn.bathybase.org/hydrolinks/0.8/nhdh/NHD_H_1023_HU4_Shape.zip","cf830bc683fca53efb8e62de0f2de30e"
"118","nhd_h_1024_hu4_shape.zip","http://cdn.bathybase.org/hydrolinks/0.8/nhdh/NHD_H_1024_HU4_Shape.zip","b1082d65359dab5d520f8412257f0829"
"119","nhd_h_1025_hu4_shape.zip","http://cdn.bathybase.org/hydrolinks/0.8/nhdh/NHD_H_1025_HU4_Shape.zip","cb9b9f2e4547c4d135d75fe9d73edb5f"
"120","nhd_h_1026_hu4_shape.zip","http://cdn.bathybase.org/hydrolinks/0.8/nhdh/NHD_H_1026_HU4_Shape.zip","e94c0fea244ade8bfc4568a68d9c28aa"
"121","nhd_h_1027_hu4_shape.zip","http://cdn.bathybase.org/hydrolinks/0.8/nhdh/NHD_H_1027_HU4_Shape.zip","3f039088101e31de744ef52b1286a3c4"
"122","nhd_h_1028_hu4_shape.zip","http://cdn.bathybase.org/hydrolinks/0.8/nhdh/NHD_H_1028_HU4_Shape.zip","78b6dd379c8dce3751b43b506cba903b"
"123","nhd_h_1029_hu4_shape.zip","http://cdn.bathybase.org/hydrolinks/0.8/nhdh/NHD_H_1029_HU4_Shape.zip","f027f7b7e9c41b506808b45bdd8d8486"
"124","nhd_h_1030_hu4_shape.zip","http://cdn.bathybase.org/hydrolinks/0.8/nhdh/NHD_H_1030_HU4_Shape.zip","2b4447c05ca968e3f63ff83542fc4403"
"125","nhd_h_1101_hu4_shape.zip","http://cdn.bathybase.org/hydrolinks/0.8/nhdh/NHD_H_1101_HU4_Shape.zip","99fe7060cd63ddaaecd10431c9100177"
"126","nhd_h_1102_hu4_shape.zip","http://cdn.bathybase.org/hydrolinks/0.8/nhdh/NHD_H_1102_HU4_Shape.zip","a54bd5818e6f745ab6a4222561dac99f"
"127","nhd_h_1103_hu4_shape.zip","http://cdn.bathybase.org/hydrolinks/0.8/nhdh/NHD_H_1103_HU4_Shape.zip","0ff48bc04b68b73c7013c23b848272c0"
"128","nhd_h_1104_hu4_shape.zip","http://cdn.bathybase.org/hydrolinks/0.8/nhdh/NHD_H_1104_HU4_Shape.zip","fbb3a0d58c6c272d866a8a40d8e41845"
"129","nhd_h_1105_hu4_shape.zip","http://cdn.bathybase.org/hydrolinks/0.8/nhdh/NHD_H_1105_HU4_Shape.zip","693c100a86900f28056d9ba658438857"
"130","nhd_h_1106_hu4_shape.zip","http://cdn.bathybase.org/hydrolinks/0.8/nhdh/NHD_H_1106_HU4_Shape.zip","93ddf5cc8a182dfc1e7d31e9799201a7"
"131","nhd_h_1107_hu4_shape.zip","http://cdn.bathybase.org/hydrolinks/0.8/nhdh/NHD_H_1107_HU4_Shape.zip","e7777aa3161b2c21f3f23588e7afcb03"
"132","nhd_h_1108_hu4_shape.zip","http://cdn.bathybase.org/hydrolinks/0.8/nhdh/NHD_H_1108_HU4_Shape.zip","93c4b8e7148caa7fe21eaf184c066134"
"133","nhd_h_1109_hu4_shape.zip","http://cdn.bathybase.org/hydrolinks/0.8/nhdh/NHD_H_1109_HU4_Shape.zip","4ba2df67c0570f15155555193ccc04db"
"134","nhd_h_1110_hu4_shape.zip","http://cdn.bathybase.org/hydrolinks/0.8/nhdh/NHD_H_1110_HU4_Shape.zip","060a3da8a525b42ff4b7480b2ed3f7e4"
"135","nhd_h_1111_hu4_shape.zip","http://cdn.bathybase.org/hydrolinks/0.8/nhdh/NHD_H_1111_HU4_Shape.zip","dc530f5be32dc0e9329cb6e18f543e18"
"136","nhd_h_1112_hu4_shape.zip","http://cdn.bathybase.org/hydrolinks/0.8/nhdh/NHD_H_1112_HU4_Shape.zip","ed74f3902c1d035e6eaf95fbc8fb1fa7"
"137","nhd_h_1113_hu4_shape.zip","http://cdn.bathybase.org/hydrolinks/0.8/nhdh/NHD_H_1113_HU4_Shape.zip","2236e17d580aa7ce601dfe72a5a020a3"
"138","nhd_h_1114_hu4_shape.zip","http://cdn.bathybase.org/hydrolinks/0.8/nhdh/NHD_H_1114_HU4_Shape.zip","d480080596538caf8e1db37d84901ffd"
"139","nhd_h_1201_hu4_shape.zip","http://cdn.bathybase.org/hydrolinks/0.8/nhdh/NHD_H_1201_HU4_Shape.zip","d2196fdb2b145af9602a9f04bb98d275"
"140","nhd_h_1202_hu4_shape.zip","http://cdn.bathybase.org/hydrolinks/0.8/nhdh/NHD_H_1202_HU4_Shape.zip","af227023331376599dcd9563386ea3bc"
"141","nhd_h_1203_hu4_shape.zip","http://cdn.bathybase.org/hydrolinks/0.8/nhdh/NHD_H_1203_HU4_Shape.zip","86277b0d7e430eeace88f05cd4229456"
"142","nhd_h_1204_hu4_shape.zip","http://cdn.bathybase.org/hydrolinks/0.8/nhdh/NHD_H_1204_HU4_Shape.zip","243aad778e1df460e1a6250dc2ae28a1"
"143","nhd_h_1205_hu4_shape.zip","http://cdn.bathybase.org/hydrolinks/0.8/nhdh/NHD_H_1205_HU4_Shape.zip","d3f3d2c8fe267f053ab5a551c4e2e5e7"
"144","nhd_h_1206_hu4_shape.zip","http://cdn.bathybase.org/hydrolinks/0.8/nhdh/NHD_H_1206_HU4_Shape.zip","f2ac430875d3bfb51e8fcf7103cdaa44"
"145","nhd_h_1207_hu4_shape.zip","http://cdn.bathybase.org/hydrolinks/0.8/nhdh/NHD_H_1207_HU4_Shape.zip","db69bfba68ca9043c9a97251141e16c9"
"146","nhd_h_1208_hu4_shape.zip","http://cdn.bathybase.org/hydrolinks/0.8/nhdh/NHD_H_1208_HU4_Shape.zip","e79f99a14510f78a16d94ea108500bb7"
"147","nhd_h_1209_hu4_shape.zip","http://cdn.bathybase.org/hydrolinks/0.8/nhdh/NHD_H_1209_HU4_Shape.zip","77e5962fbe5e1977f4507f2f54b8b957"
"148","nhd_h_1210_hu4_shape.zip","http://cdn.bathybase.org/hydrolinks/0.8/nhdh/NHD_H_1210_HU4_Shape.zip","8ad793dbe175ce1b06e99a967d554f64"
"149","nhd_h_1211_hu4_shape.zip","http://cdn.bathybase.org/hydrolinks/0.8/nhdh/NHD_H_1211_HU4_Shape.zip","518ab0bc24e993141137ec6af8d6511d"
"150","nhd_h_1301_hu4_shape.zip","http://cdn.bathybase.org/hydrolinks/0.8/nhdh/NHD_H_1301_HU4_Shape.zip","550c33f35970338079c1a3fcf0b8080c"
"151","nhd_h_1302_hu4_shape.zip","http://cdn.bathybase.org/hydrolinks/0.8/nhdh/NHD_H_1302_HU4_Shape.zip","290bc56819853862a01ad2af3e984511"
"152","nhd_h_1303_hu4_shape.zip","http://cdn.bathybase.org/hydrolinks/0.8/nhdh/NHD_H_1303_HU4_Shape.zip","ac2a798cfc22fdb456a1dae4af73440d"
"153","nhd_h_1304_hu4_shape.zip","http://cdn.bathybase.org/hydrolinks/0.8/nhdh/NHD_H_1304_HU4_Shape.zip","d3c8fd10addabd34c0e5d58176cb5825"
"154","nhd_h_1305_hu4_shape.zip","http://cdn.bathybase.org/hydrolinks/0.8/nhdh/NHD_H_1305_HU4_Shape.zip","e8f68df2d20d7c777b62d00f43df56c6"
"155","nhd_h_1306_hu4_shape.zip","http://cdn.bathybase.org/hydrolinks/0.8/nhdh/NHD_H_1306_HU4_Shape.zip","47e14e848e174ebbed6b18fb26170e5c"
"156","nhd_h_1307_hu4_shape.zip","http://cdn.bathybase.org/hydrolinks/0.8/nhdh/NHD_H_1307_HU4_Shape.zip","ff04320154080bf64f91dbdbee4eb30b"
"157","nhd_h_1308_hu4_shape.zip","http://cdn.bathybase.org/hydrolinks/0.8/nhdh/NHD_H_1308_HU4_Shape.zip","e0e0a1d09c5c16c7ba1ba8302e4d0ad5"
"158","nhd_h_1309_hu4_shape.zip","http://cdn.bathybase.org/hydrolinks/0.8/nhdh/NHD_H_1309_HU4_Shape.zip","1112b7bc2530936daefd9361f939f0a5"
"159","nhd_h_1401_hu4_shape.zip","http://cdn.bathybase.org/hydrolinks/0.8/nhdh/NHD_H_1401_HU4_Shape.zip","477eb5e2aea5b2c6fcae67e1dc12472a"
"160","nhd_h_1402_hu4_shape.zip","http://cdn.bathybase.org/hydrolinks/0.8/nhdh/NHD_H_1402_HU4_Shape.zip","23bfcc9216e5cc09bc61c12a4247476f"
"161","nhd_h_1403_hu4_shape.zip","http://cdn.bathybase.org/hydrolinks/0.8/nhdh/NHD_H_1403_HU4_Shape.zip","0472cb414563936f35c73f1aa33c42ff"
"162","nhd_h_1404_hu4_shape.zip","http://cdn.bathybase.org/hydrolinks/0.8/nhdh/NHD_H_1404_HU4_Shape.zip","7d936850025b55d24241f19afab2655c"
"163","nhd_h_1405_hu4_shape.zip","http://cdn.bathybase.org/hydrolinks/0.8/nhdh/NHD_H_1405_HU4_Shape.zip","25360f9eb58283ea0077fb5cccbe681d"
"164","nhd_h_1406_hu4_shape.zip","http://cdn.bathybase.org/hydrolinks/0.8/nhdh/NHD_H_1406_HU4_Shape.zip","45dec28f9fb16cb083eeaf0c08027e13"
"165","nhd_h_1407_hu4_shape.zip","http://cdn.bathybase.org/hydrolinks/0.8/nhdh/NHD_H_1407_HU4_Shape.zip","4a1e11ad970d61b8dc95687bb43b7568"
"166","nhd_h_1408_hu4_shape.zip","http://cdn.bathybase.org/hydrolinks/0.8/nhdh/NHD_H_1408_HU4_Shape.zip","e77763d853a15f51473296b05be68505"
"167","nhd_h_1501_hu4_shape.zip","http://cdn.bathybase.org/hydrolinks/0.8/nhdh/NHD_H_1501_HU4_Shape.zip","276cd79b1ae9db934946cb9dbbd38ca8"
"168","nhd_h_1502_hu4_shape.zip","http://cdn.bathybase.org/hydrolinks/0.8/nhdh/NHD_H_1502_HU4_Shape.zip","9f1668fee78287b56c6611777e3309df"
"169","nhd_h_1503_hu4_shape.zip","http://cdn.bathybase.org/hydrolinks/0.8/nhdh/NHD_H_1503_HU4_Shape.zip","6958ca63cf7251bd2920e297c41000d5"
"170","nhd_h_1504_hu4_shape.zip","http://cdn.bathybase.org/hydrolinks/0.8/nhdh/NHD_H_1504_HU4_Shape.zip","3fee478014f3261044829c9a428adf8a"
"171","nhd_h_1505_hu4_shape.zip","http://cdn.bathybase.org/hydrolinks/0.8/nhdh/NHD_H_1505_HU4_Shape.zip","c7c81239b68afdd5021af3e4c078b186"
"172","nhd_h_1506_hu4_shape.zip","http://cdn.bathybase.org/hydrolinks/0.8/nhdh/NHD_H_1506_HU4_Shape.zip","fd2fb18f93ecf031d842b89f20e761b8"
"173","nhd_h_1507_hu4_shape.zip","http://cdn.bathybase.org/hydrolinks/0.8/nhdh/NHD_H_1507_HU4_Shape.zip","96ad913220260bfa9d93ca9e98d39a38"
"174","nhd_h_1508_hu4_shape.zip","http://cdn.bathybase.org/hydrolinks/0.8/nhdh/NHD_H_1508_HU4_Shape.zip","3a6a0efb946869da5ad3ce657a4d6e0d"
"175","nhd_h_1601_hu4_shape.zip","http://cdn.bathybase.org/hydrolinks/0.8/nhdh/NHD_H_1601_HU4_Shape.zip","13c8b39cbba6306b57f65824248a2285"
"176","nhd_h_1602_hu4_shape.zip","http://cdn.bathybase.org/hydrolinks/0.8/nhdh/NHD_H_1602_HU4_Shape.zip","450f23e95d7c234186b70c25cbc07bb6"
"177","nhd_h_1603_hu4_shape.zip","http://cdn.bathybase.org/hydrolinks/0.8/nhdh/NHD_H_1603_HU4_Shape.zip","c5b7d75b1e538f92a769fcf7c41209c9"
"178","nhd_h_1604_hu4_shape.zip","http://cdn.bathybase.org/hydrolinks/0.8/nhdh/NHD_H_1604_HU4_Shape.zip","c429d6ce63cadae1f6cab92ccc82ce49"
"179","nhd_h_1605_hu4_shape.zip","http://cdn.bathybase.org/hydrolinks/0.8/nhdh/NHD_H_1605_HU4_Shape.zip","9a35b4e2d90876ec2912ac33bf803ac5"
"180","nhd_h_1606_hu4_shape.zip","http://cdn.bathybase.org/hydrolinks/0.8/nhdh/NHD_H_1606_HU4_Shape.zip","fa3c69992e6c82658554171354e36b56"
"181","nhd_h_1701_hu4_shape.zip","http://cdn.bathybase.org/hydrolinks/0.8/nhdh/NHD_H_1701_HU4_Shape.zip","10ebefabafaa68ae5cfe0a0624e517b0"
"182","nhd_h_1702_hu4_shape.zip","http://cdn.bathybase.org/hydrolinks/0.8/nhdh/NHD_H_1702_HU4_Shape.zip","8c08577a34baea33b3cb8410bb512757"
"183","nhd_h_1703_hu4_shape.zip","http://cdn.bathybase.org/hydrolinks/0.8/nhdh/NHD_H_1703_HU4_Shape.zip","4c9926e948647c375d4a63b6540bfd9e"
"184","nhd_h_1704_hu4_shape.zip","http://cdn.bathybase.org/hydrolinks/0.8/nhdh/NHD_H_1704_HU4_Shape.zip","30ec8c2fa230cdecf32028a3959190c3"
"185","nhd_h_1705_hu4_shape.zip","http://cdn.bathybase.org/hydrolinks/0.8/nhdh/NHD_H_1705_HU4_Shape.zip","82518e80772d72bfa440a1fc91da66a3"
"186","nhd_h_1706_hu4_shape.zip","http://cdn.bathybase.org/hydrolinks/0.8/nhdh/NHD_H_1706_HU4_Shape.zip","698b774ee5f44876c81c7595dc073647"
"187","nhd_h_1707_hu4_shape.zip","http://cdn.bathybase.org/hydrolinks/0.8/nhdh/NHD_H_1707_HU4_Shape.zip","bcf2546dcdba278867b3dbba2586f1a6"
"188","nhd_h_1708_hu4_shape.zip","http://cdn.bathybase.org/hydrolinks/0.8/nhdh/NHD_H_1708_HU4_Shape.zip","bcf9b7c60608f9fd4ef1384e262817a0"
"189","nhd_h_1709_hu4_shape.zip","http://cdn.bathybase.org/hydrolinks/0.8/nhdh/NHD_H_1709_HU4_Shape.zip","9ce005c14b9cdff1dcf409e5300badfb"
"190","nhd_h_1710_hu4_shape.zip","http://cdn.bathybase.org/hydrolinks/0.8/nhdh/NHD_H_1710_HU4_Shape.zip","1910dac90a87827e5dd9242fb3fbbb9d"
"191","nhd_h_1711_hu4_shape.zip","http://cdn.bathybase.org/hydrolinks/0.8/nhdh/NHD_H_1711_HU4_Shape.zip","da72a59e0d24714e54e1937044aecaad"
"192","nhd_h_1712_hu4_shape.zip","http://cdn.bathybase.org/hydrolinks/0.8/nhdh/NHD_H_1712_HU4_Shape.zip","f5db4bef9ae7f13a91f8547b18db48e7"
"193","nhd_h_1801_hu4_shape.zip","http://cdn.bathybase.org/hydrolinks/0.8/nhdh/NHD_H_1801_HU4_Shape.zip","983171fc234cc7b6632fc1e5a8443589"
"194","nhd_h_1802_hu4_shape.zip","http://cdn.bathybase.org/hydrolinks/0.8/nhdh/NHD_H_1802_HU4_Shape.zip","182d8acf086dbe3bc9d9397e091d8cf6"
"195","nhd_h_1803_hu4_shape.zip","http://cdn.bathybase.org/hydrolinks/0.8/nhdh/NHD_H_1803_HU4_Shape.zip","c36aa9d42c832cd4ed80d262f08c5492"
"196","nhd_h_1804_hu4_shape.zip","http://cdn.bathybase.org/hydrolinks/0.8/nhdh/NHD_H_1804_HU4_Shape.zip","fb6313807283258b6fdebe5aeb18ba9d"
"197","nhd_h_1805_hu4_shape.zip","http://cdn.bathybase.org/hydrolinks/0.8/nhdh/NHD_H_1805_HU4_Shape.zip","ca57b09b3bf8b6d84821bd7d1bfae6d7"
"198","nhd_h_1806_hu4_shape.zip","http://cdn.bathybase.org/hydrolinks/0.8/nhdh/NHD_H_1806_HU4_Shape.zip","9a8b88da34ca8efed89d393756f01a1f"
"199","nhd_h_1807_hu4_shape.zip","http://cdn.bathybase.org/hydrolinks/0.8/nhdh/NHD_H_1807_HU4_Shape.zip","1744e3a652b0b1d41cb22627e9f6c587"
"200","nhd_h_1808_hu4_shape.zip","http://cdn.bathybase.org/hydrolinks/0.8/nhdh/NHD_H_1808_HU4_Shape.zip","eed930766c4c138f22ee2be46a88cafe"
"201","nhd_h_1809_hu4_shape.zip","http://cdn.bathybase.org/hydrolinks/0.8/nhdh/NHD_H_1809_HU4_Shape.zip","d48d915767a4bd8999102e9a8a076f88"
"202","nhd_h_1810_hu4_shape.zip","http://cdn.bathybase.org/hydrolinks/0.8/nhdh/NHD_H_1810_HU4_Shape.zip","a5530a9c14791940d73ed28ae27a6437"
"203","nhd_h_1901_hu4_shape.zip","http://cdn.bathybase.org/hydrolinks/0.8/nhdh/NHD_H_1901_HU4_Shape.zip","8ecf48f6d4935eaff551a08a30cfbb4d"
"204","nhd_h_1902_hu4_shape.zip","http://cdn.bathybase.org/hydrolinks/0.8/nhdh/NHD_H_1902_HU4_Shape.zip","cef9ca7a20e8e2bdde7ea621373eb8e9"
"205","nhd_h_1903_hu4_shape.zip","http://cdn.bathybase.org/hydrolinks/0.8/nhdh/NHD_H_1903_HU4_Shape.zip","a9bf04c4b0daa392088067c18e641a5a"
"206","nhd_h_1905_hu4_shape.zip","http://cdn.bathybase.org/hydrolinks/0.8/nhdh/NHD_H_1905_HU4_Shape.zip","240fe3a1acb8c72eb486489899914285"
"207","nhd_h_1906_hu4_shape.zip","http://cdn.bathybase.org/hydrolinks/0.8/nhdh/NHD_H_1906_HU4_Shape.zip","0b486c7bd482c0f8d92116d3765e8d01"
"208","nhd_h_1907_hu4_shape.zip","http://cdn.bathybase.org/hydrolinks/0.8/nhdh/NHD_H_1907_HU4_Shape.zip","4da123fca26045df05f5c61b810f1291"
"209","nhd_h_1908_hu4_shape.zip","http://cdn.bathybase.org/hydrolinks/0.8/nhdh/NHD_H_1908_HU4_Shape.zip","e51157ce211b97a16675b5c6e19b6cd2"
"210","nhd_h_1909_hu4_shape.zip","http://cdn.bathybase.org/hydrolinks/0.8/nhdh/NHD_H_1909_HU4_Shape.zip","2cade92f0a9d354b079716fad4b0463d"
"211","nhd_h_2001_hu4_shape.zip","http://cdn.bathybase.org/hydrolinks/0.8/nhdh/NHD_H_2001_HU4_Shape.zip","ce3bada1afa5231e44363c68d1172114"
"212","nhd_h_2002_hu4_shape.zip","http://cdn.bathybase.org/hydrolinks/0.8/nhdh/NHD_H_2002_HU4_Shape.zip","d544527b1e8280926f786b3816082e1a"
"213","nhd_h_2003_hu4_shape.zip","http://cdn.bathybase.org/hydrolinks/0.8/nhdh/NHD_H_2003_HU4_Shape.zip","04f7ae1914666b36e062951b3d5710da"
"214","nhd_h_2004_hu4_shape.zip","http://cdn.bathybase.org/hydrolinks/0.8/nhdh/NHD_H_2004_HU4_Shape.zip","104e4b7bc8e0d037a29ecdf5a7ec0565"
"215","nhd_h_2005_hu4_shape.zip","http://cdn.bathybase.org/hydrolinks/0.8/nhdh/NHD_H_2005_HU4_Shape.zip","3aef8c03ffb885c78139d026ab123f0c"
"216","nhd_h_2006_hu4_shape.zip","http://cdn.bathybase.org/hydrolinks/0.8/nhdh/NHD_H_2006_HU4_Shape.zip","537135bfc9270527f692b4d08e78194b"
"217","nhd_h_2007_hu4_shape.zip","http://cdn.bathybase.org/hydrolinks/0.8/nhdh/NHD_H_2007_HU4_Shape.zip","258c44c2fc3bca4f25ba79621dd83ccf"
"218","nhd_h_2008_hu4_shape.zip","http://cdn.bathybase.org/hydrolinks/0.8/nhdh/NHD_H_2008_HU4_Shape.zip","c274e63157590f4becef3e82b34c9be3"
"219","nhd_h_2101_hu4_shape.zip","http://cdn.bathybase.org/hydrolinks/0.8/nhdh/NHD_H_2101_HU4_Shape.zip","6ea6b5cf27e25ce1de68c2ecf5614c59"
"220","nhd_h_2102_hu4_shape.zip","http://cdn.bathybase.org/hydrolinks/0.8/nhdh/NHD_H_2102_HU4_Shape.zip","78a00575f79f614c907c54392c4c34ce"
"221","nhd_h_2201_hu4_shape.zip","http://cdn.bathybase.org/hydrolinks/0.8/nhdh/NHD_H_2201_HU4_Shape.zip","075ac2d0e76d5e2ced66aa2cdfada51f"
"222","nhd_h_2202_hu4_shape.zip","http://cdn.bathybase.org/hydrolinks/0.8/nhdh/NHD_H_2202_HU4_Shape.zip","b59f400631e020cad7337c90659d4a7c"
"223","nhd_h_2203_hu4_shape.zip","http://cdn.bathybase.org/hydrolinks/0.8/nhdh/NHD_H_2203_HU4_Shape.zip","18d1e279673f98f079284e0505603982"
